<?xml version="1.0" encoding="UTF-8" ?>
<extension type="package" version="1.7" method="upgrade">
	<name>DemoRegister Package</name>
	<packagename>demoregister</packagename>
	<author>Cloudaccess.net</author>
	<authorEmail>support@cloudaccess.net</authorEmail>
	<authorUrl>www.cloudaccess.net</authorUrl>
	<creationDate>26-June-2012</creationDate>
	<copyright>Copyright (C) 2010 - CloudAccess.net LCC</copyright>
	<license>http://www.gnu.org/licenses/gpl-2.0.html GNU/GPL</license>
	<version>3.0.1</version>
	<packager>CloudAccess</packager>
	<packagerurl></packagerurl>
	<description>Demo Trial API component</description>
	<files folder="packages">
		<file type="component" id="com_demoregister">com_demoregister</file>
		<file type="module" id="mod_createsite" client="site">mod_createsite</file>
	</files>
</extension>