<?xml version="1.0" encoding="utf-8"?>
<extension type="module" client="site" version="2.5" method="upgrade">
    <name>Launch Site</name>
    <author>cloudaccess.net</author>
    <creationDate>Feb 2015</creationDate>
    <authorEmail>gpl@cloudaccess.net</authorEmail>
    <authorUrl>http://www.cloudaccess.net</authorUrl>
    <version>3.0.1</version>
    <license>http://www.gnu.org/licenses/gpl-2.0.html GNU/GPL</license>
    <description>MOD_CREATECLOUDACCESSDEMO_CONTENT_DESCRIPTION</description>
    <files>
        <filename module="mod_createcloudaccessdemo">mod_createcloudaccessdemo.php</filename>
        <filename>helper.php</filename>
        <filename>index.html</filename>
        <folder>tmpl</folder>
        <folder>forms</folder>
        <folder>assets</folder>
        <folder>fields</folder>
    </files>
    <languages>
        <language tag="en-GB">en-GB.mod_createcloudaccessdemo.ini</language>
        <language tag="en-GB">en-GB.mod_createcloudaccessdemo.sys.ini</language>
    </languages>
    <config>
        <fields name="params" addfieldpath="/modules/mod_createcloudaccessdemo/fields/">
        	<fieldset name="basic">
        		<field name="form_field_phonenumber" type="list" label="Phone Number (Optional)" description="Show this optional form field">
        			<option value="0">JNO</option>
					<option value="1">JYES</option>
        		</field>
        		<field name="form_field_state" type="list" label="State (Optional)" description="Show this optional form field">
        			<option value="0">JNO</option>
					<option value="1">JYES</option>
        		</field>
        		<field name="form_field_city" type="list" label="City (Optional)" description="Show this optional form field">
        			<option value="0">JNO</option>
					<option value="1">JYES</option>
        		</field>
        		<field name="form_field_address" type="list" label="Address (Optional)" description="Show this optional form field">
        			<option value="0">JNO</option>
					<option value="1">JYES</option>
        		</field>
        		<field name="form_field_address2" type="list" label="Address 2(Optional)" description="Show this optional form field">
        			<option value="0">JNO</option>
					<option value="1">JYES</option>
        		</field>
        		<field name="form_field_postcode" type="list" label="Post Code(Optional)" description="Show this optional form field">
        			<option value="0">JNO</option>
					<option value="1">JYES</option>
        		</field>
                <field name="subdomain" type="subdomains" label="Subdomain" description="Select a free subdomain.">
                </field>
                <field name="cid" type="datasetslist" label="Select Datasets" description="Customize datasets according with your module settings."></field>
                <field name="top_text" label="Module Subtitle" description="Message visible above registration form" default="Instantly launch a pre-configured site" type="editor" filter="safehtml" />
        	</fieldset>
            <fieldset name="advanced">
                <field name="layout" type="modulelayoutbyjoomlaversion"
                    label="JFIELD_ALT_LAYOUT_LABEL" description="JFIELD_ALT_MODULE_LAYOUT_DESC" />
                <field name="moduleclass_sfx" type="text"
                    label="COM_MODULES_FIELD_MODULECLASS_SFX_LABEL"
                    description="COM_MODULES_FIELD_MODULECLASS_SFX_DESC" />
                <field name="owncache" type="list" default="1"
                    label="COM_MODULES_FIELD_CACHING_LABEL" description="COM_MODULES_FIELD_CACHING_DESC" >
                    <option value="1">JGLOBAL_USE_GLOBAL</option>
                    <option value="0">COM_MODULES_FIELD_VALUE_NOCACHING
                    </option>
                </field>
                <field name="cache_time" type="text" default="900"
                    label="COM_MODULES_FIELD_CACHE_TIME_LABEL" description="COM_MODULES_FIELD_CACHE_TIME_DESC" />
            </fieldset>
        </fields>
    </config>
</extension>